frame,lShin_x,lShin_y,lShin_z,lShin_parent,lThigh_x,lThigh_y,lThigh_z,lThigh_parent,lThigh_lShin,rShin_x,rShin_y,rShin_z,rShin_parent,rThigh_x,rThigh_y,rThigh_z,rThigh_parent,rThigh_rShin,
0,26.2546,-1.0984,3.692,78.2861,-24.9488,12.7961,4.2869,111.594,78.2861,34.5295,1.251,-3.1742,80.2238,-26.9544,2.9961,-1.3306,111.594,80.2238,
1,26.1101,-1.0923,3.6717,78.148,-24.8114,12.7256,4.2633,111.594,78.148,34.3394,1.2441,-3.1568,80.0753,-26.806,2.9796,-1.3233,111.594,80.0753,
2,26.1346,-1.0922,3.6671,78.3829,-25.0467,12.6421,4.2537,111.594,78.3829,34.3119,1.2447,-3.1522,80.0536,-26.7845,2.9517,-1.3005,111.594,80.0536,
3,26.2317,-0.925,3.4013,78.2795,-24.9329,12.267,4.452,111.594,78.2795,31.5655,1.0555,-2.7438,77.4355,-24.172,1.3409,0.3029,111.594,77.4355,
4,25.8608,-0.4815,3.8792,76.9908,-23.6243,11.603,4.785,111.594,76.9908,24.899,0.5502,-1.3456,71.3278,-17.9572,-2.7579,4.5657,111.594,71.3278,
5,24.9334,-0.0763,5.0871,75.7135,-22.3235,10.8621,5.1551,111.594,75.7135,18.5625,0.0875,-0.1823,65.9914,-12.2526,-7.0465,9.3558,111.594,65.9914,
6,23.1498,0.0685,3.4069,74.5291,-21.0714,7.9042,6.1479,111.594,74.5291,13.5983,-0.078,-0.183,64.515,-10.6792,-8.6521,10.214,111.594,64.515,
7,21.3702,0.0608,-0.0531,72.4262,-18.8771,0.9935,7.3401,111.594,72.4262,8.9725,-0.0694,-0.9304,66.4684,-13.0172,-7.3824,6.0531,111.594,66.4684,
8,20.3464,0.0212,-0.1592,69.7486,-16.2118,-5.9406,7.2873,111.594,69.7486,5.8417,-0.0243,-2.9988,68.3016,-15.0129,-6.5573,2.5725,111.594,68.3016,
9,18.1801,-0.0014,1.7405,68.2188,-14.8273,-6.0043,5.0474,111.594,68.2188,4.2447,0.0016,-5.0793,68.1781,-14.8898,-6.9592,2.5993,111.594,68.1781,
10,14.6017,-0.006,1.1211,68.9953,-15.7293,-0.9308,0.7447,111.594,68.9953,2.9672,0.0068,-5.0808,67.1645,-13.8552,-6.7385,3.2356,111.594,67.1645,
11,11.1672,-0.0034,-0.9013,68.6835,-15.3956,-0.1685,-2.1069,111.594,68.6835,2.1694,0.0039,-4.4531,66.1708,-12.8785,-6.2914,2.6429,111.594,66.1708,
12,12.7781,-0.0007,-0.8014,67.3564,-14.0944,-3.53,-0.3256,111.594,67.3564,2.0047,0.0007,-4.933,65.9527,-12.6731,-6.2485,2.1422,111.594,65.9527,
13,21.4184,0.0004,1.5288,69.941,-16.6281,-4.6857,3.2344,111.594,69.941,1.3083,-0.0005,-5.1801,65.8747,-12.5879,-6.187,2.4248,111.594,65.8747,
14,26.3515,0.0004,3.9964,72.8225,-19.4861,-3.4877,3.8601,111.594,72.8225,0.339,-0.0005,-4.1996,65.3773,-12.0899,-6.1089,2.4348,111.594,65.3773,
15,22.1602,0.0002,5.2589,71.8034,-18.5292,-3.6627,1.6589,111.594,71.8034,-0.0995,-0.0002,-3.1173,65.0844,-11.7966,-6.5008,2.4848,111.594,65.0844,
16,18.3291,0,5.3423,70.1127,-16.8528,-5.4799,0.6889,111.594,70.1127,-0.1432,0,-2.6579,65.6323,-12.3375,-6.8617,2.7739,111.594,65.6323,
17,18.2569,0,5.0066,68.6665,-15.4004,-7.0448,1.5832,111.594,68.6665,-0.0649,0,-2.2561,66.4845,-13.1901,-6.8222,2.7709,111.594,66.4845,
18,16.9246,0,5.7022,66.2355,-12.9572,-9.0236,2.4488,111.594,66.2355,-0.0058,0,-1.3064,67.0381,-13.7481,-6.925,2.6395,111.594,67.0381,
19,15.323,0,6.5075,65.8373,-12.5738,-10.675,2.0886,111.594,65.8373,0.2325,0,0.1006,66.8835,-13.5961,-7.5811,2.6136,111.594,66.8835,
20,17.7477,0,6.8189,70.2653,-17.0075,-10.9148,-1.4514,111.594,70.2653,0.5865,0,1.3262,65.8719,-12.5833,-8.7183,2.775,111.594,65.8719,
21,22.7093,0,6.7253,77.369,-23.8942,-11.0298,-6.6016,111.594,77.369,0.5284,0,1.8599,65.0462,-11.7348,-9.2195,3.4891,111.594,65.0462,
22,24.9502,0,4.6777,81.8921,-28.2523,-11.3955,-8.9492,111.594,81.8921,0.1867,0,2.1977,64.7615,-11.3963,-9.3313,4.6878,111.594,64.7615,
23,23.2342,0,3.4756,81.0998,-27.4957,-11.6357,-8.4941,111.594,81.0998,-0.0112,0,2.3705,64.6989,-11.3103,-9.9268,5.161,111.594,64.6989,
24,23.535,0,4.3884,78.8043,-25.3302,-13.1203,-6.7319,111.594,78.8043,-0.0519,0,2.0567,65.303,-11.9796,-10.1679,3.893,111.594,65.303,
25,27.5606,0,3.2293,77.3344,-24.074,-14.7271,-2.3289,111.594,77.3344,0.0259,0,1.4483,66.0445,-12.7794,-9.594,1.9645,111.594,66.0445,
26,29.1222,0,1.2134,75.228,-21.9461,-13.1955,3.3781,111.594,75.228,0.2059,0,0.3042,65.9976,-12.7437,-8.3364,0.8576,111.594,65.9976,
27,28.4127,0,1.639,73.4663,-20.0814,-11.1719,5.4813,111.594,73.4663,0.3101,0,-0.7532,65.5802,-12.3266,-7.6277,0.4343,111.594,65.5802,
28,27.4181,0,2.7119,71.9877,-18.7024,-11.8005,3.1995,111.594,71.9877,0.2095,0,-1.0895,65.5544,-12.3022,-8.1401,0.4214,111.594,65.5544,
29,25.1408,0,2.9886,69.8461,-16.6108,-12.7405,0.0785,111.594,69.8461,0.2266,0,-1.0781,64.8333,-11.5824,-8.4758,0.2907,111.594,64.8333,
30,23.5673,0,3.4789,67.6909,-14.4115,-12.4049,-2.5168,111.594,67.6909,0.5502,0,-0.6123,62.5652,-9.3091,-8.1835,-0.6957,111.594,62.5652,
31,23.007,0,4.2555,65.794,-12.4395,-11.9976,-4.2679,111.594,65.794,0.6932,0,-0.2184,61.0445,-7.7656,-7.6589,-1.9124,111.594,61.0445,
32,22.0268,0,3.7718,64.5318,-11.1253,-11.9839,-5.1416,111.594,64.5318,0.6901,0,-0.778,60.4868,-7.1961,-7.1356,-2.2974,111.594,60.4868,
33,20.9244,0,2.2852,63.4204,-9.9374,-11.9171,-6.2069,111.594,63.4204,0.8112,0,-1.8725,58.8539,-5.5717,-6.7695,-1.9441,111.594,58.8539,
34,19.6739,0,0.8871,62.2257,-8.6956,-11.2302,-6.7301,111.594,62.2257,0.7195,0,-2.3163,57.7701,-4.4925,-6.5295,-1.7251,111.594,57.7701,
35,17.6099,0,-0.4601,62.0375,-8.5801,-10.242,-5.7533,111.594,62.0375,0.5732,0,-1.6563,58.8044,-5.524,-6.728,-1.8678,111.594,58.8044,
36,15.7285,0,-0.3765,61.9684,-8.6448,-11.5438,-3.5032,111.594,61.9684,0.504,0,-0.7166,59.8,-6.5158,-7.0534,-2.0524,111.594,59.8,
37,15.2406,0,1.3014,61.1496,-7.9221,-15.2279,-0.5372,111.594,61.1496,0.3707,0,0.1211,59.3783,-6.0966,-7.2276,-1.9631,111.594,59.3783,
38,14.3649,0,2.2413,59.8269,-6.6028,-18.1274,2.0405,111.594,59.8269,0.3646,0,1.2482,58.8906,-5.6206,-7.7467,-1.5044,111.594,58.8906,
39,11.5291,0,1.3972,58.5329,-5.2821,-18.6465,3.1204,111.594,58.5329,0.4722,0,2.567,59.2535,-5.9943,-8.5031,-0.9955,111.594,59.2535,
40,9.0617,0,0.4925,58.2717,-5.0231,-18.318,2.9815,111.594,58.2717,0.4633,0,3.3678,59.6322,-6.3745,-8.875,-0.9651,111.594,59.6322,
41,8.1385,0,0.8836,58.3486,-5.0966,-19.0316,3.2279,111.594,58.3486,0.2638,0,3.3898,59.5371,-6.2702,-8.699,-1.4718,111.594,59.5371,
42,7.0727,0,1.0441,57.8803,-4.5913,-19.8738,4.2451,111.594,57.8803,0.0522,0,3.1343,59.419,-6.1432,-8.5569,-1.8488,111.594,59.419,
43,5.6859,0,1.0113,56.9721,-3.6281,-20.6155,5.3145,111.594,56.9721,-0.031,0,3.1261,59.6089,-6.3422,-9.0024,-1.5035,111.594,59.6089,
44,4.9025,0,1.8789,55.6985,-2.2752,-22.2518,6.579,111.594,55.6985,0.028,0,3.5967,60.2562,-7.0064,-9.8904,-0.5548,111.594,60.2562,
45,4.3166,0,3.0056,54.4271,-0.882,-24.1126,8.0707,111.594,54.4271,0.1443,0,4.088,60.9234,-7.68,-10.7252,0.3023,111.594,60.9234,
46,3.2106,0,4.1181,53.6684,-0.0426,-25.1426,8.8887,111.594,53.6684,0.1425,0,4.2591,61.0226,-7.78,-11.162,0.601,111.594,61.0226,
47,2.2865,0,4.9702,53.5711,0.0183,-25.2169,8.5596,111.594,53.5711,0.0537,0,4.401,60.7807,-7.5386,-11.1407,0.4533,111.594,60.7807,
48,1.8288,0,5.5483,53.0988,0.4244,-24.9752,7.871,111.594,53.0988,-0.001,0,4.7226,60.4991,-7.2569,-11.0387,0.2005,111.594,60.4991,
